Mass Flow Rate     ,Cold-Stream Outlet ,Total Resistance     ,Epsilon/Effectiveness ,NTU                ,C_r
11.0               ,448.40406823342494 ,0.01008479426623414  ,   0.9453402569007926 ,9.987785663872522  ,0.8985491080278981
11.1               ,447.0040315826734  ,0.010381550524524179 ,   0.9453402569007926 ,9.702285160338677  ,0.8904540710186378
11.2               ,445.6289955863995  ,0.01066913555195711  ,   0.9453402569007926 ,9.440761447343364  ,0.8825035882416856
11.299999999999999 ,444.27829651041367 ,0.0109481376256388   ,   0.9453402569007926 ,9.200173311624777  ,0.8746938219740601
11.399999999999999 ,442.95129390944516 ,0.011219079654267432 ,   0.9453402569007926 ,8.977988097007957  ,0.8670210691497263
11.499999999999998 ,441.6473696145804  ,0.011482429603584827 ,   0.9453402569007926 ,8.77207760663743   ,0.8594817555049461
11.599999999999998 ,440.36592677307544 ,0.01173860881398703  ,   0.9453402569007926 ,8.580638914841382  ,0.8520724300264553
11.699999999999998 ,439.1063889374081  ,0.011987998714838303 ,   0.9453402569007926 ,8.40213333279088   ,0.8447897596843488
11.799999999999997 ,437.86819920065045 ,0.01223094630254961  ,   0.9453402569007926 ,8.235238803591225  ,0.8376305244327866
11.899999999999997 ,436.6508193754349  ,0.012467768653592776 ,   0.9453402569007926 ,8.078812367630176  ,0.8305916124627631
11.999999999999996 ,435.4537292139729  ,0.012698756675594999 ,   0.9453402569007926 ,7.931860273295432  ,0.8236700156922402
12.099999999999996 ,434.27642566675    ,0.012924178250649553 ,   0.9453402569007926 ,7.793513958253775  ,0.8168628254799076
12.199999999999996 ,433.11842217767827 ,0.013144280889167087 ,   0.9453402569007926 ,7.6630105857224855 ,0.8101672285497444
12.299999999999995 ,431.9792480136322  ,0.013359293986083336 ,   0.9453402569007926 ,7.539677149131107  ,0.8035805031143807
12.399999999999995 ,430.85844762642546 ,0.013569430751380989 ,   0.9453402569007926 ,7.422917397264154  ,0.7971000151860389
12.499999999999995 ,429.75558004541404 ,0.013774889871841696 ,   0.9453402569007926 ,7.312201007232467  ,0.7907232150645507
12.599999999999994 ,428.6702182990218  ,0.013975856949433854 ,   0.9453402569007926 ,7.2070545627241405 ,0.7844476339926097
12.699999999999994 ,427.6019488635965  ,0.014172505752849394 ,   0.9453402569007926 ,7.107053992562068  ,0.778270880969046
12.799999999999994 ,426.55037113809965 ,0.014364999311771482 ,   0.9453402569007926 ,7.011818198477577  ,0.7721906397114753
12.899999999999993 ,425.5150969432307  ,0.014553490878007365 ,   0.9453402569007926 ,6.921003657452951  ,0.7662046657602235
12.999999999999993 ,424.4957500436674  ,0.014738124773305628 ,   0.9453402569007926 ,6.8342998274675    ,0.7603107837159142
13.099999999999993 ,423.49196569218896 ,0.014919037140234301 ,   0.9453402569007926 ,6.751425219242754  ,0.754506884603579
13.199999999999992 ,422.5033901945209  ,0.015096356609730027 ,   0.9453402569007926 ,6.672124022989573  ,0.7487909233565821
13.299999999999992 ,421.5296804938102  ,0.01527020489669218  ,   0.9453402569007926 ,6.596163199959162  ,0.7431609164140515
13.399999999999991 ,420.5705037737072  ,0.015440697333175702 ,   0.9453402569007926 ,6.523329965090443  ,0.737614939425887
13.499999999999991 ,419.62553707908705 ,0.015607943347247827 ,   0.9453402569007926 ,6.4534296002014955 ,0.7321511250597693
13.59999999999999  ,418.6944669535056  ,0.015772046894348295 ,   0.9453402569007926 ,6.386283547729658  ,0.7267676609049181
13.69999999999999  ,417.7769890925311  ,0.015933106846979437 ,   0.9453402569007926 ,6.321727743543772  ,0.7214627874676559
13.79999999999999  ,416.8728080121504  ,0.016091217347710376 ,   0.9453402569007926 ,6.259611154262938  ,0.7162347962541221
13.89999999999999  ,415.98163673148747 ,0.016246468129775742 ,   0.9453402569007926 ,6.199794490150981  ,0.7110820279357473
13.99999999999999  ,415.10319646911967 ,0.016398944808959814 ,   0.9453402569007926 ,6.142149069272106  ,0.706002870593349
14.099999999999989 ,414.23721635231743 ,0.016548729149959224 ,   0.9453402569007926 ,6.08655581239272   ,0.7009957580359494
14.199999999999989 ,413.3834331385687  ,0.016695899309997514 ,   0.9453402569007926 ,6.032904351254868  ,0.6960591681906259
14.299999999999988 ,412.54159094878855 ,0.01684053006210716  ,   0.9453402569007926 ,5.981092235453902  ,0.6911916215599222
14.399999999999988 ,411.7114410116442  ,0.016982693000190584 ,   0.9453402569007926 ,5.931024225325559  ,0.6863916797435339
14.499999999999988 ,410.8927414184604  ,0.017122456727711285 ,   0.9453402569007926 ,5.882611660065254  ,0.6816579440211646
14.599999999999987 ,410.085256888197   ,0.01725988703164249  ,   0.9453402569007926 ,5.835771891828654  ,0.6769890539936224
14.699999999999987 ,409.2887585420188  ,0.017395047043108416 ,   0.9453402569007926 ,5.790427777848544  ,0.67238368627938
14.799999999999986 ,408.5030236870051  ,0.017527997385986826 ,   0.9453402569007926 ,5.7465072236902515 ,0.667840553263979
14.899999999999986 ,407.72783560856885 ,0.017658796314597457 ,   0.9453402569007926 ,5.703942771690168  ,0.6633584018997911
14.999999999999986 ,406.96298337117844 ,0.017787499841475603 ,   0.9453402569007926 ,5.6626712294065324 ,0.6589360125537925
15.099999999999985 ,406.2082616269984  ,0.01791416185612101  ,   0.9453402569007926 ,5.622633333581329  ,0.6545721979011184
15.199999999999985 ,405.46347043208397 ,0.018038834235516787 ,   0.9453402569007926 ,5.58377344568528   ,0.6502658018622953
15.299999999999985 ,404.7284150697827  ,0.018161566947129452 ,   0.9453402569007926 ,5.546039275609824  ,0.6460156985821496
15.399999999999984 ,404.0029058810179  ,0.018282408145027726 ,   0.9453402569007926 ,5.509381630493317  ,0.6418207914484992
15.499999999999984 ,403.28675810114044 ,0.018401404259693135 ,   0.9453402569007926 ,5.473754186033889  ,0.6376800121488315
15.599999999999984 ,402.5797917030562  ,0.018518600082038317 ,   0.9453402569007926 ,5.439113277957375  ,0.6335923197632621
15.699999999999983 ,401.88183124634884 ,0.018634038842098362 ,   0.9453402569007926 ,5.405417711582629  ,0.6295566998921586
15.799999999999983 ,401.1927057321314  ,0.018747762282815973 ,   0.9453402569007926 ,5.372628587664595  ,0.6255721638168917
15.899999999999983 ,400.5122484633759  ,0.01885981072930114  ,   0.9453402569007926 ,5.340709142902917  ,0.6216377476922572
15.999999999999982 ,399.84029691047976 ,0.018970223153910875 ,   0.9453402569007926 ,5.309624603684847  ,0.6177525117691807
16.09999999999998  ,399.17669258184327 ,0.019079037237462796 ,   0.9453402569007926 ,5.279342051789606  ,0.6139155396463908
16.19999999999998  ,398.5212808992393  ,0.019186289426868196 ,   0.9453402569007926 ,5.249830300920181  ,0.6101259375498079
16.299999999999983 ,397.87391107777154 ,0.01929201498944482  ,   0.9453402569007926 ,5.2210597830504675 ,0.6063828336384595
16.39999999999998  ,397.23443601022416 ,0.019396248064147175 ,   0.9453402569007926 ,5.19300244368296   ,0.602685377335786
16.49999999999998  ,396.6027121556168  ,0.01949902170993127  ,   0.9453402569007926 ,5.165631645206891  ,0.5990327386852662
16.59999999999998  ,395.97859943178776 ,0.01960036795145307  ,   0.9453402569007926 ,5.138922077630177  ,0.5954241077293307
16.69999999999998  ,395.3619611118369  ,0.019700317822282584 ,   0.9453402569007926 ,5.112849676032619  ,0.5918586939105922
16.79999999999998  ,394.7526637242665  ,0.019798901405801338 ,   0.9453402569007926 ,5.087391544153227  ,0.5883357254944578
16.899999999999977 ,394.15057695666724 ,0.01989614787393682  ,   0.9453402569007926 ,5.062525883582855  ,0.584854449012242
16.99999999999998  ,393.5555735628045  ,0.01999208552387561  ,   0.9453402569007926 ,5.038231928085056  ,0.5814141287239347
17.09999999999998  ,392.96752927296353 ,0.020086741812885733 ,   0.9453402569007926 ,5.014489882614102  ,0.5780140460998182
17.199999999999978 ,392.38632270742306 ,0.020180143391368536 ,   0.9453402569007926 ,4.991280866640383  ,0.5746534993201682
17.299999999999976 ,391.8118352929293  ,0.02027231613425139  ,   0.9453402569007926 ,4.968586861430015  ,0.5713318027923059
17.399999999999977 ,391.2439511820504  ,0.020363285170823926 ,   0.9453402569007926 ,4.946390660958449  ,0.5680482866843041
17.49999999999998  ,390.6825571752958  ,0.020453074913113285 ,   0.9453402569007926 ,4.924675826167267  ,0.5648022964746795
17.599999999999977 ,390.12754264589074 ,0.02054170908288615  ,   0.9453402569007926 ,4.903426642299869  ,0.5615931925174371
17.699999999999974 ,389.5787994671004  ,0.020629210737359977 ,   0.9453402569007926 ,4.8826280790753795 ,0.5584203496218584
17.799999999999976 ,389.0362219420043  ,0.020715602293698926 ,   0.9453402569007926 ,4.862265753481599  ,0.5552831566464547
17.899999999999977 ,388.4997067356244  ,0.020800905552365422 ,   0.9453402569007926 ,4.842325894986962  ,0.5521810161065303
17.999999999999975 ,387.96915280931535 ,0.020885141719393093 ,   0.9453402569007926 ,4.822795312988862  ,0.5491133437948273
18.099999999999973 ,387.4444613573302  ,0.020968331427642154 ,   0.9453402569007926 ,4.803661366331401  ,0.5460795684147455
18.199999999999974 ,386.92553574547674 ,0.021050494757094397 ,   0.9453402569007926 ,4.784911934739732  ,0.5430791312256534
18.299999999999976 ,386.41228145178565 ,0.02113165125424108  ,   0.9453402569007926 ,4.766535392031036  ,0.5401114856998303
18.399999999999974 ,385.90460600911285 ,0.021211819950613275 ,   0.9453402569007926 ,4.74852058097377   ,0.537176097190592
18.49999999999997  ,385.40241894960417 ,0.021291019380501295 ,   0.9453402569007926 ,4.730856789677376  ,0.5342724426111835
18.599999999999973 ,384.90563175095036 ,0.021369267597906607 ,   0.9453402569007926 ,4.713533729404204  ,0.5314000101240266
18.699999999999974 ,384.4141577843677  ,0.021446582192766815 ,   0.9453402569007926 ,4.696541513704132  ,0.5285582988399408
18.799999999999972 ,383.92791226423816 ,0.021522980306491923 ,   0.9453402569007926 ,4.679870638780252  ,0.5257468185269624
18.89999999999997  ,383.446812199348   ,0.021598478646847618 ,   0.9453402569007926 ,4.6635119650012165 ,0.5229650893284071
18.99999999999997  ,382.9707763456672  ,0.021673093502218955 ,   0.9453402569007926 ,4.647456699482455  ,0.5202126414898366
19.099999999999973 ,382.4997251606113  ,0.02174684075528606  ,   0.9453402569007926 ,4.631696379664422  ,0.5174890150946017
19.19999999999997  ,382.0335807587332  ,0.02181973589614125  ,   0.9453402569007926 ,4.616222857821574  ,0.5147937598076507
19.29999999999997  ,381.5722668687916  ,0.02189179403487557  ,   0.9453402569007926 ,4.601028286440739  ,0.5121264346273002
19.39999999999997  ,381.1157087921483  ,0.02196302991366068  ,   0.9453402569007926 ,4.586105104412203  ,0.5094866076446852
19.49999999999997  ,380.66383336244496 ,0.02203345791835078  ,   0.9453402569007926 ,4.57144602398099   ,0.5068738558106098
19.59999999999997  ,380.2165689065141  ,0.02210309208962791  ,   0.9453402569007926 ,4.5570440184096785 ,0.5042877647095354
19.699999999999967 ,379.7738452064811  ,0.0221719461337122   ,   0.9453402569007926 ,4.542892310307676  ,0.5017279283404515
19.79999999999997  ,379.335593463014   ,0.02224003343265787  ,   0.9453402569007926 ,4.5289843605850955 ,0.49919394890438856
19.89999999999997  ,378.9017462596823  ,0.02230736705425443  ,   0.9453402569007926 ,4.515313857992356  ,0.49668543659833636
19.999999999999968 ,378.47223752838386 ,0.02237395976155137  ,   0.9453402569007926 ,4.501874709209411  ,0.49420200941534476
20.099999999999966 ,378.0470025158049  ,0.02243982402202371  ,   0.9453402569007926 ,4.488661029451041  ,0.4917432929505919
20.199999999999967 ,377.6259777508751  ,0.022504972016394866 ,   0.9453402569007926 ,4.475667133556939  ,0.4893089202132126
20.29999999999997  ,377.20910101318606 ,0.022569415647132326 ,   0.9453402569007926 ,4.462887527537526  ,0.4868985314436894
20.399999999999967 ,376.79631130233713 ,0.022633166546630758 ,   0.9453402569007926 ,4.450316900548383  ,0.48451177393661254
20.499999999999964 ,376.3875488081794  ,0.022696236085096553 ,   0.9453402569007926 ,4.437950117268031  ,0.48214830186862906
20.599999999999966 ,375.9827548819261  ,0.022758635378146902 ,   0.9453402569007926 ,4.425782210655486  ,0.4798077761314027
20.699999999999967 ,375.58187200810033 ,0.022820375294135966 ,   0.9453402569007926 ,4.413808375065588  ,0.4774898641694152
20.799999999999965 ,375.1848437772922  ,0.022881466461219798 ,   0.9453402569007926 ,4.402023959701557  ,0.4751942398224469
20.899999999999963 ,374.79161485969746 ,0.02294191927417157  ,   0.9453402569007926 ,4.390424462385539  ,0.47292058317257873
20.999999999999964 ,374.4021309794132  ,0.02300174390095738  ,   0.9453402569007926 ,4.379005523629223  ,0.47066858039556647
21.099999999999966 ,374.0163388894634  ,0.02306095028908307  ,   0.9453402569007926 ,4.36776292098768   ,0.46843792361644054
21.199999999999964 ,373.63418634753197 ,0.023119548171721554 ,   0.9453402569007926 ,4.3566925636807055 ,0.4662283107691932
21.29999999999996  ,373.2556220923792  ,0.0231775470736297   ,   0.9453402569007926 ,4.34579048746694   ,0.4640394454604177
21.399999999999963 ,372.8805958209195  ,0.023234956316863693 ,   0.9453402569007926 ,4.335052849756905  ,0.46187103683677083
21.499999999999964 ,372.5090581659385  ,0.023291785026300887 ,   0.9453402569007926 ,4.324475924952063  ,0.4597227994561347
21.599999999999962 ,372.1409606744295  ,0.023348042134976196 ,   0.9453402569007926 ,4.31405609999769   ,0.4575944531623563
21.69999999999996  ,371.7762557865289  ,0.023403736389240485 ,   0.9453402569007926 ,4.303789870138165  ,0.45548572296345147
21.79999999999996  ,371.41489681503106 ,0.023458876353747958 ,   0.9453402569007926 ,4.29367383486399   ,0.4533963389131604
21.899999999999963 ,371.0568379254647  ,0.023513470416279575 ,   0.9453402569007926 ,4.283704694040411  ,0.4513260359957486
21.99999999999996  ,370.70203411671264 ,0.02356752679240876  ,   0.9453402569007926 ,4.27387924420823   ,0.44927455401394983
22.09999999999996  ,370.35044120215736 ,0.02362105353001573  ,   0.9453402569007926 ,4.264194375047847  ,0.4472416374799501
22.19999999999996  ,370.0020157913368  ,0.023674058513656226 ,   0.9453402569007926 ,4.254647065998199  ,0.4452270355093197
22.29999999999996  ,369.65671527209315 ,0.023726549468790378 ,   0.9453402569007926 ,4.245234383022669  ,0.443230501717798
22.39999999999996  ,369.3144977931999  ,0.02377853396587694  ,   0.9453402569007926 ,4.235953475514548  ,0.4412517941208436
22.499999999999957 ,368.97532224745237 ,0.023830019424338218 ,   0.9453402569007926 ,4.226801573335032  ,0.4392906750358621
22.59999999999996  ,368.639148255207   ,0.023881013116400326 ,   0.9453402569007926 ,4.217775983977172  ,0.4373469109870308
22.69999999999996  ,368.30593614835584 ,0.02393152217081376  ,   0.9453402569007926 ,4.208874089849511  ,0.4354202726126386
22.799999999999958 ,367.9756469547227  ,0.023981553576458387 ,   0.9453402569007926 ,4.200093345673573  ,0.43351053457486394
22.899999999999956 ,367.64824238286803 ,0.0240311141858376   ,   0.9453402569007926 ,4.191431275989603  ,0.431617475471917
22.999999999999957 ,367.3236848072903  ,0.0240802107184652   ,   0.9453402569007926 ,4.182885472765374  ,0.42974087775247377
23.09999999999996  ,367.00193725401203 ,0.02412884976414939  ,   0.9453402569007926 ,4.174453593103052  ,0.4278805276323332
23.199999999999957 ,366.68296338653784 ,0.0241770377861773   ,   0.9453402569007926 ,4.166133357039478  ,0.42603621501322836
23.299999999999955 ,366.366727492175   ,0.024224781124403873 ,   0.9453402569007926 ,4.157922545435415  ,0.4242077334037296
23.399999999999956 ,366.0531944687042  ,0.02427208599824828  ,   0.9453402569007926 ,4.149818997949597  ,0.4223948798421751
23.499999999999957 ,365.7423298113905  ,0.024318958509601474 ,   0.9453402569007926 ,4.1418206110935865 ,0.42059745482157007
23.599999999999955 ,365.43409960032534 ,0.024365404645647726 ,   0.9453402569007926 ,4.133925336363709  ,0.418815262216394
23.699999999999953 ,365.12847048808766 ,0.02441143028160344  ,   0.9453402569007926 ,4.126131178446507  ,0.4170481092112615
23.799999999999955 ,364.8254096877175  ,0.024457041183375872 ,   0.9453402569007926 ,4.118436193494353  ,0.41529580623138224
23.899999999999956 ,364.5248849609907  ,0.02450224301014485  ,   0.9453402569007926 ,4.110838487467997  ,0.4135581668747656
23.999999999999954 ,364.22686460698657 ,0.024547041316869838 ,   0.9453402569007926 ,4.103336214543075  ,0.41183500784612076
24.09999999999995  ,363.931317450941   ,0.024591441556725154 ,   0.9453402569007926 ,4.095927575577667  ,0.4101261488924024
24.199999999999953 ,363.6382128333751  ,0.024635449083465648 ,   0.9453402569007926 ,4.088610816638195  ,0.4084314127399545
24.299999999999955 ,363.3475205994929  ,0.024679069153725273 ,   0.9453402569007926 ,4.081384227581083  ,0.4067506250332057
24.399999999999952 ,363.0592110888392  ,0.024722306929250856 ,   0.9453402569007926 ,4.074246140687703  ,0.4050836142748728
24.49999999999995  ,362.77325512521134 ,0.024765167479073043 ,   0.9453402569007926 ,4.067194929350313  ,0.4034302117676285
24.59999999999995  ,362.48962400681614 ,0.024807655781616793 ,   0.9453402569007926 ,4.060229006806728  ,0.401790251557191
24.699999999999953 ,362.20828949666713 ,0.024849776726753203 ,   0.9453402569007926 ,4.053346824921656  ,0.4001635703767975
24.79999999999995  ,361.92922381321284 ,0.02489153511779471  ,   0.9453402569007926 ,4.046546873012666  ,0.39855000759302006
24.89999999999995  ,361.6523996211919  ,0.02493293567343552  ,   0.9453402569007926 ,4.0398276767189145 ,0.3969494051528875
24.99999999999995  ,361.37779002270713 ,0.024973983029638967 ,   0.9453402569007926 ,4.033187796910794  ,0.39536160753227595
25.09999999999995  ,361.10536854851307 ,0.025014681741473675 ,   0.9453402569007926 ,4.026625828638794  ,0.3937864616855338
25.19999999999995  ,360.835109149511   ,0.0250550362849      ,   0.9453402569007926 ,4.020140400119926  ,0.3922238169963055
25.299999999999947 ,360.56698618844575 ,0.02509505105850847  ,   0.9453402569007926 ,4.013730171760159  ,0.3906735252295217
25.39999999999995  ,360.30097443179835 ,0.02513473038521174  ,   0.9453402569007926 ,4.007393835211359  ,0.3891354404845236
25.49999999999995  ,360.03704904186975 ,0.025174078513891446 ,   0.9453402569007926 ,4.001130112461342  ,0.3876094191492901
25.599999999999948 ,359.77518556904994 ,0.02521309962100153  ,   0.9453402569007926 ,3.9949377549556555 ,0.38609531985573825
25.699999999999946 ,359.51535994426763 ,0.025251797812129242 ,   0.9453402569007926 ,3.9888155427498253 ,0.38459300343606617
25.799999999999947 ,359.25754847161545 ,0.025290177123515268 ,   0.9453402569007926 ,3.9827622836908256 ,0.3831023328801124
25.89999999999995  ,359.0017278211459  ,0.02532824152353421  ,   0.9453402569007926 ,3.976776812626603  ,0.38162317329370266
25.999999999999947 ,358.7478750218338  ,0.025365994914136568 ,   0.9453402569007926 ,3.9708579906425374 ,0.38015539185795766
26.099999999999945 ,358.49596745470035 ,0.025403441132253582 ,   0.9453402569007926 ,3.9650047043237597 ,0.37869885778953644
26.199999999999946 ,358.2459828460946  ,0.025440583951165885 ,   0.9453402569007926 ,3.9592158650423257 ,0.37725344230179003
26.299999999999947 ,357.99789926112845 ,0.025477427081837145 ,   0.9453402569007926 ,3.953490408268259  ,0.3758190185668022
26.399999999999945 ,357.75169509726055 ,0.025513974174213853 ,   0.9453402569007926 ,3.947827292903526  ,0.37439546167829163
26.499999999999943 ,357.5073490780256  ,0.025550228818492015 ,   0.9453402569007926 ,3.942225500638078  ,0.37298264861535474
26.599999999999945 ,357.2648402469052  ,0.025586194546352137 ,   0.9453402569007926 ,3.936684035327076  ,0.3715804582070263
26.699999999999946 ,357.02414796133627 ,0.02562187483216295  ,   0.9453402569007926 ,3.9312019223885244 ,0.37018877109763665
26.799999999999944 ,356.78525188685364 ,0.025657273094155313 ,   0.9453402569007926 ,3.9257782082205024 ,0.36880746971294404
26.89999999999994  ,356.5481319913635  ,0.025692392695566762 ,   0.9453402569007926 ,3.920411959637269  ,0.3674364382270223
26.999999999999943 ,356.31276853954364 ,0.02572723694575786  ,   0.9453402569007926 ,3.915102263323522  ,0.36607556252988516
27.099999999999945 ,356.0791420873682  ,0.025761809101300957 ,   0.9453402569007926 ,3.9098482253061415 ,0.3647247301958265
27.199999999999942 ,355.8472334767529  ,0.025796112367042295 ,   0.9453402569007926 ,3.9046489704427483 ,0.3633838304524596
27.29999999999994  ,355.61702383031786 ,0.02583014989713823  ,   0.9453402569007926 ,3.89950364192647   ,0.3620527541504359
27.39999999999994  ,355.38849454626563 ,0.025863924796066196 ,   0.9453402569007926 ,3.8944114008063075 ,0.36073139373382845
27.499999999999943 ,355.1616272933701  ,0.025897440119611297 ,   0.9453402569007926 ,3.889371425522538  ,0.35941964321116
27.59999999999994  ,354.9364040060753  ,0.0259306988758291   ,   0.9453402569007926 ,3.8843829114565893 ,0.35811739812706156
27.69999999999994  ,354.7128068796996  ,0.02596370402598536  ,   0.9453402569007926 ,3.8794450704948864 ,0.3568245555345451
27.79999999999994  ,354.49081836574385 ,0.025996458485473335 ,   0.9453402569007926 ,3.8745571306061377 ,0.35554101396787413
27.89999999999994  ,354.2704211673003  ,0.02602896512470929  ,   0.9453402569007926 ,3.8697183354315983 ,0.3542666734160179
27.99999999999994  ,354.05159823455995 ,0.0260612267700068   ,   0.9453402569007926 ,3.864927943887841  ,0.353001435296675
28.099999999999937 ,353.8343327604156  ,0.026093246204430532 ,   0.9453402569007926 ,3.8601852297815853 ,0.35174520243085056
28.19999999999994  ,353.61860817615883 ,0.026125026168629908 ,   0.9453402569007926 ,3.855489481436164  ,0.3504978790179752
28.29999999999994  ,353.40440814726776 ,0.026156569361653403 ,   0.9453402569007926 ,3.8508400013292174 ,0.3492593706115512
28.399999999999938 ,353.19171656928444 ,0.026187878441743816 ,   0.9453402569007926 ,3.846236105741218  ,0.34802958409531337
28.499999999999936 ,352.9805175637782  ,0.026218956027115232 ,   0.9453402569007926 ,3.841677124414457  ,0.3468084276598913
28.599999999999937 ,352.77079547439433 ,0.026249804696711978 ,   0.9453402569007926 ,3.8371624002221174 ,0.3455958107799616
28.69999999999994  ,352.56253486298533 ,0.026280426990950224 ,   0.9453402569007926 ,3.832691288847101  ,0.344391644191878
28.799999999999937 ,352.35572050582215 ,0.026310825412442583 ,   0.9453402569007926 ,3.8282631584702647 ,0.3431958398717674
28.899999999999935 ,352.15033738988507 ,0.0263410024267063   ,   0.9453402569007926 ,3.8238773894677425 ,0.34200831101407964
28.999999999999936 ,351.9463707092303  ,0.026370960462855284 ,   0.9453402569007926 ,3.8195333741170567 ,0.3408289720105828
29.099999999999937 ,351.74380586143224 ,0.026400701914276577 ,   0.9453402569007926 ,3.8152305163117166 ,0.33965773842979036
29.199999999999935 ,351.54262844409857 ,0.026430229139291612 ,   0.9453402569007926 ,3.810968231284006  ,0.33849452699681165
29.299999999999933 ,351.3428242514566  ,0.026459544461802653 ,   0.9453402569007926 ,3.806745945335708  ,0.3373392555736144
29.399999999999935 ,351.1443792710095  ,0.026488650171924855 ,   0.9453402569007926 ,3.802563095576484  ,0.33619184313969047
29.499999999999936 ,350.9472796802603  ,0.026517548526604207 ,   0.9453402569007926 ,3.7984191296696683 ,0.3350522097731153
29.599999999999934 ,350.75151184350267 ,0.0265462417502219   ,   0.9453402569007926 ,3.794313505585219  ,0.3339202766319899
29.699999999999932 ,350.55706230867605 ,0.026574732035185324 ,   0.9453402569007926 ,3.7902456913596017 ,0.3327959659362593
29.799999999999933 ,350.3639178042845  ,0.02660302154250611  ,   0.9453402569007926 ,3.786215164862377  ,0.331679200949896
29.899999999999935 ,350.1720652363772  ,0.02663111240236556  ,   0.9453402569007926 ,3.7822214135692684 ,0.3305699059634415
29.999999999999932 ,349.9814916855893  ,0.02665900671466771  ,   0.9453402569007926 ,3.77826393434151   ,0.3294680062768967
30.09999999999993  ,349.7921844042418  ,0.026686706549580472 ,   0.9453402569007926 ,3.774342233211261  ,0.3283734281829535
30.199999999999932 ,349.6041308134993  ,0.026714213948065082 ,   0.9453402569007926 ,3.770455825172901  ,0.32728609895055966
30.299999999999933 ,349.41731850058346 ,0.02674153092239407  ,   0.9453402569007926 ,3.7666042339800208 ,0.3262059468088086
30.39999999999993  ,349.23173521604207 ,0.026768659456658208 ,   0.9453402569007926 ,3.7627869919479187 ,0.3251329009311481
30.49999999999993  ,349.0473688710714  ,0.026795601507262658 ,   0.9453402569007926 ,3.759003639761428  ,0.3240668914198984
30.59999999999993  ,348.8642075348914  ,0.026822359003412493 ,   0.9453402569007926 ,3.7552537262879215 ,0.32300784929107523
30.699999999999932 ,348.6822394321719  ,0.026848933847587984 ,   0.9453402569007926 ,3.751536808395314  ,0.32195570645950816
30.79999999999993  ,348.501452940509   ,0.026875327916009835 ,   0.9453402569007926 ,3.7478524507749222 ,0.32091039572425
30.899999999999928 ,348.32183658795077 ,0.026901543059094618 ,   0.9453402569007926 ,3.7442002257690223 ,0.31987185075426866
30.99999999999993  ,348.1433790505703  ,0.026927581101900747 ,   0.9453402569007926 ,3.740579713202953  ,0.3188400060744162
31.09999999999993  ,347.9660691500861  ,0.026953443844565037 ,   0.9453402569007926 ,3.7369905002216464 ,0.3178147970516689
31.19999999999993  ,347.7898958515282  ,0.026979133062730278 ,   0.9453402569007926 ,3.733432181130428  ,0.31679615988163146
31.299999999999926 ,347.6148482609482  ,0.027004650507963898 ,   0.9453402569007926 ,3.7299043572399713 ,0.3157840315753004
31.399999999999928 ,347.4409156231745  ,0.027029997908168023 ,   0.9453402569007926 ,3.7264066367152684 ,0.31477834994607967
31.49999999999993  ,347.26808731960887 ,0.027055176967981067 ,   0.9453402569007926 ,3.7229386344285116 ,0.31377905359704444
31.599999999999927 ,347.0963528660658  ,0.027080189369171122 ,   0.9453402569007926 ,3.7194999718157495 ,0.31278608190844626
31.699999999999925 ,346.9257019106523  ,0.027105036771021326 ,   0.9453402569007926 ,3.7160902767372193 ,0.31179937502545435
31.799999999999926 ,346.756124231688   ,0.02712972081070741  ,   0.9453402569007926 ,3.7127091833412327 ,0.310818873846129
31.899999999999928 ,346.5876097356639  ,0.027154243103667493 ,   0.9453402569007926 ,3.7093563319315317 ,0.3098445200096207
31.999999999999925 ,346.42014845523994 ,0.027178605243964572 ,   0.9453402569007926 ,3.7060313688379813 ,0.3088762558845907
32.09999999999992  ,346.2537305472797  ,0.027202808804641578 ,   0.9453402569007926 ,3.7027339462905253 ,0.30791402455784744
32.199999999999925 ,346.0883462909217  ,0.027226855338069407 ,   0.9453402569007926 ,3.6994637222963007 ,0.3069577698231957
32.299999999999926 ,345.92398608568664 ,0.027250746376287948 ,   0.9453402569007926 ,3.6962203605198174 ,0.3060074361704923
32.39999999999992  ,345.7606404496197  ,0.027274483431340354 ,   0.9453402569007926 ,3.693003530166115  ,0.3050629687749044
32.49999999999992  ,345.598300017467   ,0.027298067995600687 ,   0.9453402569007926 ,3.6898129058668103 ,0.3041243134863662
32.59999999999992  ,345.43695553888585 ,0.027321501542095013 ,   0.9453402569007926 ,3.6866481675689617 ,0.3031914168192301
32.699999999999925 ,345.27659787668745 ,0.027344785524816322 ,   0.9453402569007926 ,3.683509000426645  ,0.30226422594210706
32.799999999999926 ,345.11721800511214 ,0.027367921379033117 ,   0.9453402569007926 ,3.6803950946951915 ,0.3013426886678933
32.89999999999992  ,344.95880700813615 ,0.027390910521592055 ,   0.9453402569007926 ,3.677306145628002  ,0.30042675344397884
32.99999999999992  ,344.80135607780846 ,0.027413754351214667 ,   0.9453402569007926 ,3.674241853375846  ,0.2995163693426334
33.09999999999992  ,344.6448565126187  ,0.027436454248788326 ,   0.9453402569007926 ,3.671201922888613  ,0.29861148605156806
33.19999999999992  ,344.48929971589394 ,0.02745901157765154  ,   0.9453402569007926 ,3.668186063819408  ,0.29771205386466576
33.29999999999992  ,344.3346771942246  ,0.027481427683873825 ,   0.9453402569007926 ,3.6651939904309527 ,0.29681802367287996
33.39999999999992  ,344.1809805559185  ,0.0275037038965301   ,   0.9453402569007926 ,3.662225421504218  ,0.2959293469552965
33.49999999999992  ,344.0282015094829  ,0.02752584152796992  ,   0.9453402569007926 ,3.6592800802492222 ,0.2950459757703553
33.59999999999992  ,343.87633186213327 ,0.02754784187408149  ,   0.9453402569007926 ,3.656357694217945  ,0.2941678627472292
33.69999999999992  ,343.7253635183288  ,0.027569706214550696 ,   0.9453402569007926 ,3.6534579952192887 ,0.2932949610773562
33.79999999999992  ,343.5752884783337  ,0.027591435813115225 ,   0.9453402569007926 ,3.6505807192360376 ,0.2924272245061214
33.89999999999992  ,343.42609883680467 ,0.02761303191781388  ,   0.9453402569007926 ,3.6477256063437564 ,0.29156460732468736
33.999999999999915 ,343.2777867814023  ,0.027634495761231163 ,   0.9453402569007926 ,3.644892400631583  ,0.29070706436196775
34.099999999999916 ,343.1303445914275  ,0.02765582856073732  ,   0.9453402569007926 ,3.6420808501248447 ,0.289854550976742
34.19999999999992  ,342.98376463648185 ,0.02767703151872385  ,   0.9453402569007926 ,3.6392907067094824 ,0.28900702304990944
34.29999999999992  ,342.83803937515097 ,0.027698105822834666 ,   0.9453402569007926 ,3.6365217260581906 ,0.2881644369768776
34.39999999999992  ,342.6931613537116  ,0.027719052646192892 ,   0.9453402569007926 ,3.6337736675582715 ,0.28732674966008437
34.499999999999915 ,342.5491232048603  ,0.02773987314762353  ,   0.9453402569007926 ,3.631046294241119  ,0.2864939185016494
34.599999999999916 ,342.4059176464647  ,0.027760568471871975 ,   0.9453402569007926 ,3.6283393727133206 ,0.2856659013961532
34.69999999999992  ,342.26353748033654 ,0.027781139749818506 ,   0.9453402569007926 ,3.62565267308931   ,0.28484265672354186
34.79999999999991  ,342.12197559102526 ,0.027801588098688816 ,   0.9453402569007926 ,3.6229859689255504 ,0.2840241433421524
34.89999999999991  ,341.98122494463263 ,0.02782191462226082  ,   0.9453402569007926 ,3.6203390371561794 ,0.2832103205818597
34.999999999999915 ,341.84127858764793 ,0.02784212041106746  ,   0.9453402569007926 ,3.617711658030122  ,0.2824011482373401
35.099999999999916 ,341.7021296458028  ,0.027862206542596087 ,   0.9453402569007926 ,3.6151036150495792 ,0.28159658656145026
35.19999999999992  ,341.5637713229454  ,0.027882174081484024 ,   0.9453402569007926 ,3.612514694909906  ,0.28079659625871883
35.29999999999991  ,341.4261968999342  ,0.02790202407971069  ,   0.9453402569007926 ,3.6099446874408097 ,0.2800011384789491
35.39999999999991  ,341.2893997335502  ,0.02792175757678627  ,   0.9453402569007926 ,3.6073933855488454 ,0.27921017481092947
35.499999999999915 ,341.1533732554276  ,0.02794137559993695  ,   0.9453402569007926 ,3.604860585161185  ,0.2784236672762508
35.59999999999991  ,341.0181109710022  ,0.0279608791642869   ,   0.9453402569007926 ,3.6023460851706015 ,0.27764157832322767
35.69999999999991  ,340.8836064584784  ,0.027980269273036956 ,   0.9453402569007926 ,3.599849687381674  ,0.2768638708209217
35.79999999999991  ,340.74985336781225 ,0.02799954691764017  ,   0.9453402569007926 ,3.5973711964581443 ,0.27609050805326546
35.89999999999991  ,340.6168454197125  ,0.028018713077974176 ,   0.9453402569007926 ,3.5949104198714252 ,0.2753214537132842
35.999999999999915 ,340.48457640465773 ,0.02803776872251066  ,   0.9453402569007926 ,3.592467167850213  ,0.27455667189741395
36.09999999999991  ,340.35304018193017 ,0.02805671480848162  ,   0.9453402569007926 ,3.5900412533311914 ,0.27379612709991424
36.19999999999991  ,340.22223067866514 ,0.02807555228204293  ,   0.9453402569007926 ,3.587632491910783  ,0.273039784207373
36.29999999999991  ,340.0921418889168  ,0.028094282078434923 ,   0.9453402569007926 ,3.585240701797934  ,0.27228760849330313
36.399999999999906 ,339.9627678727384  ,0.028112905122140142 ,   0.9453402569007926 ,3.5828657037679106 ,0.27153956561282705
36.49999999999991  ,339.8341027552789  ,0.028131422327038455 ,   0.9453402569007926 ,3.5805073211170613 ,0.2707956215974494
36.59999999999991  ,339.70614072589285 ,0.02814983459655939  ,   0.9453402569007926 ,3.5781653796185435 ,0.2700557428499154
36.69999999999991  ,339.57887603726647 ,0.028168142823831874 ,   0.9453402569007926 ,3.575839707478982  ,0.26931989613915264
36.79999999999991  ,339.4523030045565  ,0.028186347891831366 ,   0.9453402569007926 ,3.5735301352960316 ,0.2685880485952962
36.899999999999906 ,339.32641600454417 ,0.028204450673524485 ,   0.9453402569007926 ,3.571236496016832  ,0.26786016770479415
36.99999999999991  ,339.2012094748021  ,0.028222452032011163 ,   0.9453402569007926 ,3.5689586248973204 ,0.267136221305592
37.09999999999991  ,339.0766779128754  ,0.02824035282066434  ,   0.9453402569007926 ,3.566696359462398  ,0.26641617758239633
37.1999999999999   ,338.95281587547527 ,0.028258153883267273 ,   0.9453402569007926 ,3.564449539466912  ,0.2657000050620136
37.299999999999905 ,338.82961797768576 ,0.028275856054148587 ,   0.9453402569007926 ,3.5622180068574436 ,0.2649876726087642
37.399999999999906 ,338.7070788921839  ,0.02829346015831492  ,   0.9453402569007926 ,3.560001605734887  ,0.26427914941997066
37.49999999999991  ,338.5851933484714  ,0.028310967011581437 ,   0.9453402569007926 ,3.557800182317782  ,0.2635744050215174
37.59999999999991  ,338.4639561321191  ,0.028328377420700095 ,   0.9453402569007926 ,3.555613584906406  ,0.26287340926348146
37.6999999999999   ,338.3433620840233  ,0.02834569218348574  ,   0.9453402569007926 ,3.5534416638475883 ,0.262176132315833
37.799999999999905 ,338.22340609967404 ,0.028362912088940123 ,   0.9453402569007926 ,3.5512842715002426 ,0.2614825446642038
37.899999999999906 ,338.1040831284348  ,0.028380037917373854 ,   0.9453402569007926 ,3.5491412622015877 ,0.26079261710572305
37.9999999999999   ,337.98538817283367 ,0.028397070440526286 ,   0.9453402569007926 ,3.547012492234055  ,0.2601063207449186
38.0999999999999   ,337.8673162878656  ,0.028414010421683438 ,   0.9453402569007926 ,3.5448978197928573 ,0.2594236269896825
38.1999999999999   ,337.7498625803057  ,0.02843085861579397  ,   0.9453402569007926 ,3.542797104954203  ,0.2587445075473011
38.299999999999905 ,337.63302220803337 ,0.02844761576958323  ,   0.9453402569007926 ,3.5407102096441463 ,0.2580689344205458
38.399999999999906 ,337.5167903793666  ,0.028464282621665397 ,   0.9453402569007926 ,3.5386369976080543 ,0.2573968799038256
38.4999999999999   ,337.40116235240725 ,0.028480859902653862 ,   0.9453402569007926 ,3.5365773343806786 ,0.2567283165794001
38.5999999999999   ,337.2861334343958  ,0.028497348335269762 ,   0.9453402569007926 ,3.5345310872568123 ,0.2560632173136504
38.6999999999999   ,337.171698981077   ,0.028513748634448697 ,   0.9453402569007926 ,3.5324981252625336 ,0.25540155525340835
38.7999999999999   ,337.0578543960742  ,0.028530061507445758 ,   0.9453402569007926 ,3.530478319127005  ,0.25474330382234295
38.8999999999999   ,336.94459513027454 ,0.028546287653938865 ,   0.9453402569007926 ,3.5284715412548215 ,0.2540884367174011
38.9999999999999   ,336.83191668122254 ,0.028562427766130424 ,   0.9453402569007926 ,3.526477665698903  ,0.2534369279053052
39.0999999999999   ,336.71981459252373 ,0.028578482528847298 ,   0.9453402569007926 ,3.5244965681339075 ,0.2527887516191024
39.1999999999999   ,336.6082844532571  ,0.02859445261963924  ,   0.9453402569007926 ,3.5225281258301613 ,0.2521438823547679
39.2999999999999   ,336.49732189739643 ,0.028610338708875648 ,   0.9453402569007926 ,3.5205722176280907 ,0.2515022948678602
39.3999999999999   ,336.3869226032406  ,0.02862614145984097  ,   0.9453402569007926 ,3.5186287239131357 ,0.250863964170226
39.4999999999999   ,336.27708229285264 ,0.028641861528828267 ,   0.9453402569007926 ,3.51669752659117   ,0.2502288655267571
39.599999999999895 ,336.16779673150705 ,0.02865749956523165  ,   0.9453402569007926 ,3.51477850906435   ,0.24959697445219456
39.699999999999896 ,336.05906172714555 ,0.02867305621163694  ,   0.9453402569007926 ,3.512871556207464  ,0.24896826670798247
39.7999999999999   ,335.95087312984117 ,0.02868853210391112  ,   0.9453402569007926 ,3.5109765543446994 ,0.24834271829916846
39.8999999999999   ,335.84322683127016 ,0.02870392787129022  ,   0.9453402569007926 ,3.5090933912268656 ,0.247720305471351
39.9999999999999   ,335.736118764192   ,0.028719244136465934 ,   0.9453402569007926 ,3.5072219560090376 ,0.2471010047076726
40.099999999999895 ,335.62954490193715 ,0.02873448151567077  ,   0.9453402569007926 ,3.505362139228628  ,0.246484792725858
40.199999999999896 ,335.52350125790247 ,0.028749640618761944 ,   0.9453402569007926 ,3.5035138327838578 ,0.24587164647529616
40.2999999999999   ,335.41798388505407 ,0.028764722049303974 ,   0.9453402569007926 ,3.5016769299126396 ,0.24526154313416634
40.39999999999989  ,335.3129888754376  ,0.028779726404649902 ,   0.9453402569007926 ,3.499851325171847  ,0.24465446010660655
40.49999999999989  ,335.20851235969576 ,0.02879465427602135  ,   0.9453402569007926 ,3.4980369144169705 ,0.24405037501992358
40.599999999999895 ,335.10455050659306 ,0.02880950624858728  ,   0.9453402569007926 ,3.496233594782151  ,0.24344926572184494
40.699999999999896 ,335.0010995225474  ,0.02882428290154156  ,   0.9453402569007926 ,3.494441264660577  ,0.24285111027781092
40.7999999999999   ,334.8981556511686  ,0.02883898480817931  ,   0.9453402569007926 ,3.4926598236852504 ,0.24225588696830647
40.89999999999989  ,334.7957151728039  ,0.028853612535972097 ,   0.9453402569007926 ,3.490889172710091  ,0.24166357428623242
40.99999999999989  ,334.6937744040897  ,0.028868166646642015 ,   0.9453402569007926 ,3.489129213791399  ,0.24107415093431472
41.099999999999895 ,334.5923296975104  ,0.028882647696234543 ,   0.9453402569007926 ,3.487379850169648  ,0.2404875958225524
41.19999999999989  ,334.4913774409631  ,0.02889705623519036  ,   0.9453402569007926 ,3.48564098625161   ,0.2399038880657016
41.29999999999989  ,334.3909140573288  ,0.028911392808416037 ,   0.9453402569007926 ,3.4839125275928047 ,0.23932300698079673
41.39999999999989  ,334.2909360040502  ,0.02892565795535371  ,   0.9453402569007926 ,3.4821943808802622 ,0.23874493208470784
41.49999999999989  ,334.19143977271517 ,0.02893985221004961  ,   0.9453402569007926 ,3.480486453915601  ,0.23816964309173264
41.599999999999895 ,334.09242188864613 ,0.028953976101221645 ,   0.9453402569007926 ,3.478788655598404  ,0.23759711991122368
41.69999999999989  ,333.9938789104959  ,0.028968030152325904 ,   0.9453402569007926 ,3.4771008959098917 ,0.2370273426452495
41.79999999999989  ,333.8958074298488  ,0.0289820148816222   ,   0.9453402569007926 ,3.475423085896895  ,0.2364602915862896
41.89999999999989  ,333.79820407082764 ,0.02899593080223863  ,   0.9453402569007926 ,3.4737551376560982 ,0.2358959472149619
41.999999999999886 ,333.70106548970665 ,0.029009778422235136 ,   0.9453402569007926 ,3.472096964318576  ,0.23533429019778346
42.09999999999989  ,333.6043883745292  ,0.029023558244666188 ,   0.9453402569007926 ,3.4704484800345896 ,0.23477530138496214
42.19999999999989  ,333.5081694447317  ,0.029037270767642436 ,   0.9453402569007926 ,3.4688095999586634 ,0.2342189618082205
42.29999999999989  ,333.41240545077255 ,0.029050916484391537 ,   0.9453402569007926 ,3.4671802402349168 ,0.23366525267865024
42.39999999999989  ,333.317093173766   ,0.029064495883318067 ,   0.9453402569007926 ,3.465560317982649  ,0.2331141553845968
42.499999999999886 ,333.22222942512184 ,0.029078009448062495 ,   0.9453402569007926 ,3.463949751282186  ,0.23256565148957423
42.59999999999989  ,333.12781104618966 ,0.029091457657559376 ,   0.9453402569007926 ,3.4623484591609643 ,0.23201972273020904
42.69999999999989  ,333.03383490790816 ,0.029104840986094598 ,   0.9453402569007926 ,3.4607563615798607 ,0.2314763510142132
42.79999999999988  ,332.9402979104598  ,0.02911815990336189  ,   0.9453402569007926 ,3.459173379419755  ,0.23093551841838567
42.899999999999885 ,332.8471969829296  ,0.029131414874518376 ,   0.9453402569007926 ,3.457599434468334  ,0.23039720718664117
42.999999999999886 ,332.75452908296927 ,0.029144606360239488 ,   0.9453402569007926 ,3.456034449407107  ,0.22986139972806757
43.09999999999989  ,332.66229119646584 ,0.029157734816772918 ,   0.9453402569007926 ,3.454478347798659  ,0.22932807861500937
43.19999999999989  ,332.5704803372148  ,0.029170800695991924 ,   0.9453402569007926 ,3.452931054074109  ,0.22879722658117832
43.29999999999988  ,332.47909354659765 ,0.029183804445447718 ,   0.9453402569007926 ,3.451392493520798  ,0.22826882651978997
43.399999999999885 ,332.3881278932645  ,0.029196746508421294 ,   0.9453402569007926 ,3.449862592270164  ,0.22774286148172593
43.499999999999886 ,332.2975804728202  ,0.02920962732397433  ,   0.9453402569007926 ,3.448341277285845  ,0.22721931467372194
43.59999999999988  ,332.2074484075156  ,0.0292224473269994   ,   0.9453402569007926 ,3.446828476351974  ,0.22669816945658042
43.69999999999988  ,332.11772884594234 ,0.029235206948269626 ,   0.9453402569007926 ,3.44532411806166   ,0.22617940934340747
43.79999999999988  ,332.0284189627324  ,0.029247906614487357 ,   0.9453402569007926 ,3.4438281318056854 ,0.22566301799787453
43.899999999999885 ,331.9395159582615  ,0.02926054674833236  ,   0.9453402569007926 ,3.4423404477613784 ,0.22514897923250352
43.999999999999886 ,331.8510170583563  ,0.02927312776850926  ,   0.9453402569007926 ,3.440860996881666  ,0.22463727700697508
44.09999999999988  ,331.76291951400634 ,0.029285650089794304 ,   0.9453402569007926 ,3.439389710884326  ,0.22412789542646044
44.19999999999988  ,331.6752206010787  ,0.02929811412308143  ,   0.9453402569007926 ,3.4379265222414057 ,0.22362081873997525
44.29999999999988  ,331.5879176200379  ,0.029310520275427795 ,   0.9453402569007926 ,3.4364713641688183 ,0.22311603133875632
44.39999999999988  ,331.50100789566847 ,0.029322868950098512 ,   0.9453402569007926 ,3.4350241706161144 ,0.22261351775466007
44.49999999999988  ,331.41448877680176 ,0.0293351605466109   ,   0.9453402569007926 ,3.433584876256418  ,0.22211326265858214
44.59999999999988  ,331.32835763604663 ,0.029347395460778025 ,   0.9453402569007926 ,3.432153416476531  ,0.22161525085889922
44.69999999999988  ,331.242611869523   ,0.029359574084751674 ,   0.9453402569007926 ,3.430729727367198  ,0.22111946729993076
44.79999999999988  ,331.1572488966     ,0.029371696807064685 ,   0.9453402569007926 ,3.429313745713531  ,0.220625897060422
44.89999999999988  ,331.0722661596365  ,0.02938376401267277  ,   0.9453402569007926 ,3.4279054089855916 ,0.2201345253520469
44.99999999999988  ,330.9876611237262  ,0.029395776082995685 ,   0.9453402569007926 ,3.426504655329121  ,0.21964533751793125
45.09999999999988  ,330.9034312764452  ,0.02940773339595784  ,   0.9453402569007926 ,3.4251114235564306 ,0.21915831903119526
45.199999999999875 ,330.8195741276035  ,0.029419636326028405 ,   0.9453402569007926 ,3.4237256531374265 ,0.21867345549351563
45.299999999999876 ,330.73608720899955 ,0.029431485244260768 ,   0.9453402569007926 ,3.42234728419079   ,0.21819073263370653
45.39999999999988  ,330.652968074178   ,0.029443280518331554 ,   0.9453402569007926 ,3.420976257475295  ,0.2177101363063195
45.49999999999988  ,330.57021429819076 ,0.02945502251257904  ,   0.9453402569007926 ,3.4196125143812637 ,0.21723165249026166
45.59999999999988  ,330.48782347736136 ,0.029466711588041074 ,   0.9453402569007926 ,3.418255996922162  ,0.21675526728743214
45.699999999999875 ,330.40579322905205 ,0.029478348102492415 ,   0.9453402569007926 ,3.416906647726329  ,0.2162809669213765
45.799999999999876 ,330.3241211914341  ,0.029489932410481735 ,   0.9453402569007926 ,3.4155644100288307 ,0.21580873773595866
45.89999999999988  ,330.242805023261   ,0.02950146486336789  ,   0.9453402569007926 ,3.4142292276634567 ,0.21533856619405023
45.99999999999987  ,330.1618424036452  ,0.029512945809355855 ,   0.9453402569007926 ,3.4129010450548294 ,0.21487043887623708
46.09999999999987  ,330.08123103183686 ,0.02952437559353215  ,   0.9453402569007926 ,3.411579807210648  ,0.21440434247954243
46.199999999999875 ,330.00096862700605 ,0.02953575455789971  ,   0.9453402569007926 ,3.410265459714048  ,0.2139402638161668
46.299999999999876 ,329.9210529280276  ,0.02954708304141243  ,   0.9453402569007926 ,3.4089579487160853 ,0.21347818981224417
46.39999999999988  ,329.841481693269   ,0.02955836138000909  ,   0.9453402569007926 ,3.4076572209283333 ,0.21301810750661435
46.49999999999987  ,329.7622527003802  ,0.029569589906646904 ,   0.9453402569007926 ,3.406363223615603  ,0.2125600040496109
46.59999999999987  ,329.68336374608754 ,0.029580768951334664 ,   0.9453402569007926 ,3.4050759045887657 ,0.21210386670186496
46.699999999999875 ,329.60481264598883 ,0.02959189884116533  ,   0.9453402569007926 ,3.4037952121976973 ,0.2116496828331243
46.79999999999987  ,329.52659723435215 ,0.029602979900348294 ,   0.9453402569007926 ,3.4025210953243286 ,0.21119743992108775
46.89999999999987  ,329.4487153639164  ,0.02961401245024113  ,   0.9453402569007926 ,3.401253503375798  ,0.21074712555025385
46.99999999999987  ,329.3711649056953  ,0.02962499680938102  ,   0.9453402569007926 ,3.3999923862777175 ,0.21029872741078523
47.09999999999987  ,329.293943748783   ,0.02963593329351565  ,   0.9453402569007926 ,3.3987376944675387 ,0.20985223329738653
47.199999999999875 ,329.21704980016267 ,0.029646822215633785 ,   0.9453402569007926 ,3.397489378888019  ,0.20940763110819716
47.29999999999987  ,329.1404809845175  ,0.029657663885995417 ,   0.9453402569007926 ,3.39624739098079   ,0.2089649088436978
47.39999999999987  ,329.06423524404386 ,0.029668458612161518 ,   0.9453402569007926 ,3.3950116826800247 ,0.20852405460563092
47.49999999999987  ,328.98831053826694 ,0.029679206699023377 ,   0.9453402569007926 ,3.3937822064061973 ,0.20808505659593485
47.599999999999866 ,328.9127048438588  ,0.029689908448831626 ,   0.9453402569007926 ,3.3925589150599396 ,0.2076479031156913
47.69999999999987  ,328.8374161544587  ,0.029700564161224744 ,   0.9453402569007926 ,3.391341762015999  ,0.2072125825640861
47.79999999999987  ,328.7624424804954  ,0.029711174133257422 ,   0.9453402569007926 ,3.390130701117265  ,0.20677908343738297
47.89999999999987  ,328.6877818490121  ,0.0297217386594283   ,   0.9453402569007926 ,3.388925686668917  ,0.20634739432791036
47.99999999999987  ,328.6134323034933  ,0.029732258031707544 ,   0.9453402569007926 ,3.3877266734326286 ,0.20591750392306055
48.099999999999866 ,328.53939190369397 ,0.029742732539563953 ,   0.9453402569007926 ,3.3865336166208833 ,0.20548940100430158
48.19999999999987  ,328.4656587254705  ,0.029753162469991764 ,   0.9453402569007926 ,3.385346471891364  ,0.20506307444620137
48.29999999999987  ,328.39223086061446 ,0.029763548107537122 ,   0.9453402569007926 ,3.384165195341421  ,0.2046385132154639
48.399999999999864 ,328.3191064166876  ,0.02977388973432415  ,   0.9453402569007926 ,3.38298974350264   ,0.2042157063699774
48.499999999999865 ,328.24628351685936 ,0.029784187630080783 ,   0.9453402569007926 ,3.3818200733354686 ,0.20379464305787437
48.599999999999866 ,328.1737602997465  ,0.029794442072164154 ,   0.9453402569007926 ,3.3806561422239407 ,0.203375312516603
48.69999999999987  ,328.10153491925416 ,0.029804653335585764 ,   0.9453402569007926 ,3.3794979079704692 ,0.2029577040720104
48.79999999999987  ,328.02960554441967 ,0.029814821693036272 ,   0.9453402569007926 ,3.378345328790714  ,0.20254180713743658
48.899999999999864 ,327.9579703592573  ,0.029824947414909955 ,   0.9453402569007926 ,3.377198363308539  ,0.20212761121282016
48.999999999999865 ,327.88662756260567 ,0.029835030769328946 ,   0.9453402569007926 ,3.37605697055102   ,0.20171510588381442
49.099999999999866 ,327.8155753679772  ,0.029845072022167067 ,   0.9453402569007926 ,3.3749211099435463 ,0.2013042808209146
49.19999999999986  ,327.74481200340813 ,0.029855071437073357 ,   0.9453402569007926 ,3.3737907413049895 ,0.20089512577859567
49.29999999999986  ,327.674335711312   ,0.029865029275495468 ,   0.9453402569007926 ,3.3726658248429287 ,0.2004876305944606
49.399999999999864 ,327.60414474833357 ,0.02987494579670255  ,   0.9453402569007926 ,3.371546321148963  ,0.20008178518839892
49.499999999999865 ,327.53423738520564 ,0.029884821257807934 ,   0.9453402569007926 ,3.370432191194084  ,0.19967757956175566
49.599999999999866 ,327.4646119066064  ,0.02989465591379164  ,   0.9453402569007926 ,3.3693233963241123 ,0.19927500379651017
49.69999999999986  ,327.3952666110197  ,0.029904450017522406 ,   0.9453402569007926 ,3.368219898255204  ,0.1988740480544649
49.79999999999986  ,327.326199810596   ,0.0299142038197796   ,   0.9453402569007926 ,3.367121659069423  ,0.1984747025764439
49.899999999999864 ,327.2574098310156  ,0.0299239175692748   ,   0.9453402569007926 ,3.3660286412103693 ,0.19807695768150113
